id;code;lib_en;lib_ar;dateop;modified_by;created_by;op;util;is_deleted;created_date;modified_date
1;SCSI Games;Canyon Louisiana;Savings backing Designer;2021-11-05T09:06:40;web-readiness Strategist;Home Ergonomic;payment Account;e-business Tennessee;false;2021-11-05T01:13:08;2021-11-04T19:12:47
2;Circles;Borders Bedfordshire Beauty;matrix HTTP;2021-11-05T10:16:39;Ergonomic Mauritius;protocol Manager;Ergonomic;transform;false;2021-11-04T15:16:02;2021-11-05T03:49:04
3;Front-line;Hat Granite;envisioneer;2021-11-04T14:55:21;Divide XSS;Guarani Account withdrawal;Handcrafted Chief Metal;Fresh Practical plug-and-play;true;2021-11-05T03:05:03;2021-11-04T15:27:48
4;Dynamic Awesome Kip;Shoes Consultant;Senior Cloned;2021-11-04T23:21:50;Interactions Pants Down-sized;programming Garden Cross-platform;proactive Grass-roots;intuitive;false;2021-11-04T19:08:03;2021-11-05T08:35:17
5;Fish Holy;Account Belarussian global;Electronics service-desk Synergized;2021-11-05T11:34:56;Balanced Corporate;Practical Practical collaboration;deposit Frozen;AGP global Home;true;2021-11-04T23:14:08;2021-11-04T16:34:46
6;blockchains Shoes auxiliary;Lodge;copy Rubber;2021-11-04T23:11:07;Underpass Card Loan;Shoes black Internal;Loan Buckinghamshire multi-tasking;Pants Views Computers;true;2021-11-05T06:22:53;2021-11-04T23:01:16
7;Chief Functionality hacking;Enterprise-wide visionary;Coordinator;2021-11-05T03:56:23;alliance invoice PCI;Mobility;synergies SMS;Keyboard Multi-channelled withdrawal;true;2021-11-05T09:27:00;2021-11-05T04:13:54
8;USB Cambridgeshire;Account generate compressing;input Iowa digital;2021-11-04T13:54:36;ivory;deposit Dynamic Visionary;Hawaii;Rubber National;true;2021-11-05T08:12:08;2021-11-05T12:29:07
9;Metal seamless;deposit;matrix Intelligent;2021-11-05T00:06:18;silver Practical Car;generation Concrete;Krone Berkshire Awesome;Steel;false;2021-11-05T03:07:46;2021-11-05T06:20:39
10;Small;navigating;neural;2021-11-04T14:42:28;invoice monetize;Senior Buckinghamshire;Designer Ergonomic;Strategist Unbranded Utah;true;2021-11-05T10:15:41;2021-11-05T05:50:59
