id;code;lib_ar;lib_en;util;dateop;full_pay;half_pay;modified_by;op;is_deleted;created_date;modified_date
1;Buckinghamshire;Universal up;Maryland payment Cambridgeshire;invoice program Developer;2021-11-04T14:34:41;78816;10877;Assurance Coordinator;Handmade Internal;true;2021-11-05T10:29:17;2021-11-05T01:56:09
2;lavender Sleek;payment Pine;Investor Forward;input;2021-11-05T09:41:52;96087;89307;Tasty;Proactive Planner Manager;true;2021-11-05T12:12:44;2021-11-04T20:00:56
3;Keys Decentralized;auxiliary;1080p heuristic innovate;Global Steel quantifying;2021-11-04T14:52:20;81690;61683;Movies;CSS Road;true;2021-11-04T13:51:33;2021-11-04T21:39:44
4;Buckinghamshire application;mindshare;Mouse next-generation Borders;Data;2021-11-05T03:38:36;46827;56784;Object-based moderator;payment Minnesota Front-line;false;2021-11-05T06:30:57;2021-11-05T08:31:08
5;withdrawal Lodge;asymmetric Florida database;Producer;bottom-line e-enable Customer-focused;2021-11-05T01:01:59;91884;38435;Games Books;Towels schemas;false;2021-11-04T14:16:59;2021-11-04T22:37:48
6;Ergonomic;Loan;artificial Estonia yellow;zero intangible Unbranded;2021-11-04T19:17:58;60854;53061;Maine;Plastic Malta;false;2021-11-05T02:38:52;2021-11-04T16:48:08
7;exploit state;card Architect value-added;THX South;compressing hacking;2021-11-05T00:13:06;8390;85937;Manager encoding Customer;Officer;true;2021-11-04T21:38:36;2021-11-05T02:43:38
8;De-engineered View Creative;Cotton help-desk Nebraska;Account systems generation;Rue Sleek communities;2021-11-04T23:03:23;32650;21451;invoice;paradigms front-end;true;2021-11-05T03:58:18;2021-11-04T14:44:32
9;navigating input BEAC;Administrator Visionary;collaborative;Computers Plastic Cambridgeshire;2021-11-05T03:18:48;35358;60134;Fish;card Bedfordshire empower;false;2021-11-04T15:28:40;2021-11-05T10:53:33
10;Berkshire Generic;payment methodologies Gloves;Somalia;withdrawal withdrawal Future;2021-11-05T02:37:40;88535;8216;indigo;Avon Trail mindshare;true;2021-11-04T19:38:13;2021-11-04T21:15:20
