id;profile;dateop;modified_by;created_by;op;util;is_deleted;created_date;modified_date
1;Chief Washington;2021-11-05T03:34:20;parallelism Idaho the;Guinea-Bissau;Borders driver impactful;Brunei Ameliorated bypass;false;2021-11-04T15:17:30;2021-11-05T09:54:40
2;virtual Loan Centers;2021-11-04T22:25:04;cultivate;invoice;secondary;Automotive Steel;true;2021-11-04T23:24:13;2021-11-05T05:24:54
3;payment green yellow;2021-11-04T18:33:21;Bedfordshire array Won;Somalia Global Kentucky;open-source Turnpike;payment;true;2021-11-04T15:42:56;2021-11-05T10:14:21
4;Customizable North Central;2021-11-04T23:27:49;Ghana global Card;Movies;Yen Savings Tools;engage syndicate;true;2021-11-04T17:44:56;2021-11-04T14:35:35
5;Gorgeous;2021-11-05T04:45:42;robust withdrawal Designer;New;Officer Health Health;Well;false;2021-11-05T03:46:08;2021-11-05T01:54:14
6;Orchestrator;2021-11-04T21:27:36;B2B SDD;PCI Mouse Indonesia;port;Springs;false;2021-11-05T11:31:05;2021-11-05T06:08:17
7;Developer overriding web;2021-11-04T19:40:20;Assurance Soft;navigate applications;Market Metal;morph Route;false;2021-11-04T22:08:32;2021-11-04T17:08:55
8;Money;2021-11-04T15:03:06;Cambridgeshire Street;View;Djibouti Cotton;Granite;false;2021-11-05T08:22:58;2021-11-04T20:02:02
9;JSON Credit Chips;2021-11-05T06:17:13;Surinam invoice;SDD Incredible even-keeled;Concrete;repurpose withdrawal Nicaragua;false;2021-11-05T09:40:33;2021-11-05T02:57:34
10;Specialist Car;2021-11-04T22:30:07;Cotton transmitter;virtual lavender Director;THX Dynamic Dalasi;exploit;true;2021-11-04T23:54:37;2021-11-05T02:33:59
